id,first_name,last_name,email,currency,mortgage_amount,mortgage_term,start_date
1,Thorstein,Mewitt,tmewitt0@whitehouse.gov,JMD,112075,21,3/11/2022
2,Eldin,Royston,eroyston1@ning.com,IDR,68038,10,3/17/2020
3,Ula,Frontczak,ufrontczak2@nationalgeographic.com,USD,138473,14,7/26/2021
4,Alvie,Gogie,agogie3@sciencedaily.com,BOB,235252,32,7/31/2021
5,Reeba,Stawell,rstawell4@thetimes.co.uk,CNY,166572,34,5/20/2021
6,Munroe,Fallen,mfallen5@networksolutions.com,IDR,69623,31,9/1/2020
7,Janetta,Daftor,jdaftor6@cdc.gov,ZWL,275288,22,1/26/2021
8,Elwin,Ivanonko,eivanonko7@ed.gov,HNL,39206,17,8/5/2021
9,Amity,Pardue,apardue8@eepurl.com,EUR,67238,27,7/2/2021
10,Kylie,Baldocci,kbaldocci9@surveymonkey.com,THB,55048,30,8/10/2021
11,Leoine,Piet,lpieta@nationalgeographic.com,IDR,204689,19,8/5/2020
12,Woodrow,Robottham,wrobotthamb@cpanel.net,PHP,229716,15,10/9/2020
13,Damiano,Kettleson,dkettlesonc@clickbank.net,XAF,75170,14,6/9/2020
14,Beatrisa,Bernli,bbernlid@twitpic.com,MWK,245264,12,4/24/2022
15,Denice,Massei,dmasseie@gizmodo.com,EUR,51491,11,7/6/2022
16,Muire,Delagnes,mdelagnesf@ca.gov,PHP,81464,23,6/4/2022
17,Don,Mackilpatrick,dmackilpatrickg@surveymonkey.com,CNY,50452,25,11/14/2021
18,Shaine,Domino,sdominoh@livejournal.com,GBP,33763,18,4/9/2022
19,Dyanna,Landrieu,dlandrieui@nhs.uk,ARS,141128,18,12/2/2021
20,Cad,Westover,cwestoverj@cbc.ca,PHP,53864,15,2/19/2020
21,Rickard,Jendrach,rjendrachk@abc.net.au,CNY,128691,34,7/23/2021
22,Cordie,Le Marchand,clemarchandl@spiegel.de,PHP,108354,13,11/6/2021
23,Lib,Sokell,lsokellm@nydailynews.com,PLN,128361,35,5/31/2020
24,Adriane,Donaldson,adonaldsonn@npr.org,PHP,146528,31,4/1/2021
25,Iver,Skates,iskateso@topsy.com,UYU,149656,26,2/18/2022
26,Broderick,Edgson,bedgsonp@google.ru,ILS,31869,26,5/10/2022
27,Phoebe,Yexley,pyexleyq@skype.com,SEK,194099,21,12/6/2020
28,Shawn,O'Scandall,soscandallr@list-manage.com,CNY,145114,26,5/17/2020
29,Randell,Galsworthy,rgalsworthys@china.com.cn,IDR,202662,29,3/7/2020
30,Shanna,Challender,schallendert@gizmodo.com,CZK,39887,15,5/16/2022
31,Kiersten,Dickin,kdickinu@quantcast.com,BGN,294666,30,10/14/2021
32,Phillie,Kubista,pkubistav@elpais.com,SEK,216873,28,7/26/2020
33,Obidiah,Kingsbury,okingsburyw@cloudflare.com,CUP,55816,28,2/7/2022
34,Pearle,Weyland,pweylandx@histats.com,PAB,244773,21,11/15/2020
35,Goraud,O'Carney,gocarneyy@godaddy.com,PKR,264279,13,4/18/2021
36,Antonietta,Finby,afinbyz@businessweek.com,THB,104882,12,8/8/2020
37,Tony,Raubheim,traubheim10@fda.gov,CNY,53008,23,8/16/2020
38,Rosalinda,Hamblett,rhamblett11@nature.com,PHP,117702,35,5/24/2021
39,Nancee,Marion,nmarion12@google.com.br,CNY,77516,16,7/28/2022
40,Monty,Colmer,mcolmer13@archive.org,RUB,133415,21,9/13/2021
41,Artie,Floweth,afloweth14@163.com,RUB,114986,26,7/18/2020
42,Nedda,Parrin,nparrin15@thetimes.co.uk,IDR,83346,10,9/10/2020
43,Kellby,Pattisson,kpattisson16@hatena.ne.jp,EUR,212113,15,3/15/2021
44,Cris,Minot,cminot17@whitehouse.gov,IDR,146684,30,8/3/2021
45,Brittan,Hutton,bhutton18@sbwire.com,AFN,86954,14,9/24/2022
46,Binny,Chark,bchark19@google.com.br,CAD,36202,12,8/21/2020
47,Belinda,Blaszczyk,bblaszczyk1a@technorati.com,EUR,200404,34,5/10/2020
48,Hakeem,Permain,hpermain1b@yelp.com,PAB,205966,22,4/14/2020
49,Penny,Orpin,porpin1c@flickr.com,PHP,91551,13,10/11/2021
50,Rubie,Collis,rcollis1d@imageshack.us,RUB,152709,19,12/7/2020
51,Barry,Hedney,bhedney1e@feedburner.com,CNY,257547,13,10/2/2022
52,Schuyler,Attenborough,sattenborough1f@symantec.com,USD,299324,24,11/22/2020
53,Brittni,Milella,bmilella1g@forbes.com,HRK,196116,20,9/5/2021
54,Kinnie,Massey,kmassey1h@mozilla.org,THB,72226,16,10/3/2020
55,Fay,McCully,fmccully1i@is.gd,CNY,270658,21,7/20/2020
56,Darleen,Finicj,dfinicj1j@addtoany.com,CAD,234191,21,10/19/2020
57,Davy,Thiem,dthiem1k@wp.com,EUR,199445,27,2/5/2020
58,Celle,Colicot,ccolicot1l@google.com,BOB,33146,23,11/14/2021
59,Terrance,Chritchlow,tchritchlow1m@yahoo.co.jp,PHP,259759,34,5/20/2021
60,Domenico,Betser,dbetser1n@parallels.com,SEK,170129,22,3/30/2020
61,Adena,Tewnion,atewnion1o@scribd.com,IDR,294401,19,5/15/2022
62,Melissa,Swigg,mswigg1p@state.tx.us,UAH,77853,29,9/21/2020
63,Corenda,Lilly,clilly1q@china.com.cn,CNY,214068,28,8/21/2021
64,Lemar,Cantwell,lcantwell1r@google.pl,CNY,269781,29,1/26/2021
65,Lucine,Pickett,lpickett1s@bandcamp.com,IDR,129131,22,6/16/2020
66,Meta,Hazelden,mhazelden1t@ezinearticles.com,SEK,237970,35,11/1/2020
67,Dionis,Mullord,dmullord1u@blogtalkradio.com,RUB,261876,23,10/17/2021
68,Kristian,Wiley,kwiley1v@un.org,PLN,88772,16,8/14/2022
69,Amy,Cellier,acellier1w@netvibes.com,JPY,271957,11,12/19/2020
70,Monte,Tebb,mtebb1x@ed.gov,PEN,290437,31,7/26/2020
71,Washington,Mora,wmora1y@mediafire.com,RUB,293173,35,5/2/2022
72,Marijo,Ramel,mramel1z@shareasale.com,JPY,126735,24,8/20/2022
73,Rusty,Japp,rjapp20@rambler.ru,JPY,181878,18,5/18/2020
74,Riva,Simcox,rsimcox21@squarespace.com,NZD,280042,34,10/30/2022
75,Susi,McGall,smcgall22@statcounter.com,COP,124973,18,8/20/2022
76,Justen,Landrick,jlandrick23@nymag.com,HNL,221947,20,8/22/2020
77,Matty,Caro,mcaro24@com.com,CNY,95864,16,6/16/2021
78,Hyacinthia,Hulance,hhulance25@ebay.co.uk,PHP,270276,18,1/10/2021
79,Monro,Whitman,mwhitman26@nationalgeographic.com,EUR,287678,17,12/4/2020
80,Candide,Steele,csteele27@youku.com,BRL,98908,12,2/13/2021
81,Lotti,Common,lcommon28@fotki.com,COP,203497,21,12/25/2020
82,Berenice,Bedding,bbedding29@seattletimes.com,CUP,150157,31,2/13/2022
83,Anica,Maryman,amaryman2a@woothemes.com,MXN,297680,20,9/14/2020
84,Lusa,Mileham,lmileham2b@icio.us,ILS,195695,35,4/3/2020
85,Ellwood,Ferrie,eferrie2c@bandcamp.com,USD,160232,32,3/20/2021
86,Sallee,Matzel,smatzel2d@w3.org,RUB,290375,11,5/21/2022
87,Baudoin,MacPhee,bmacphee2e@examiner.com,USD,204878,32,10/30/2022
88,Benedicto,Eltone,beltone2f@intel.com,CNY,297180,33,5/8/2021
89,Rochella,Grisley,rgrisley2g@toplist.cz,AMD,78495,22,5/4/2021
90,Bald,Domenico,bdomenico2h@last.fm,BRL,225197,11,2/27/2022
91,Brietta,Tappin,btappin2i@phoca.cz,BRL,286256,11,10/10/2021
92,Basil,Benterman,bbenterman2j@free.fr,TND,149378,20,4/23/2022
93,Rasla,Hankard,rhankard2k@altervista.org,ILS,56428,18,5/19/2020
94,Laney,Costi,lcosti2l@behance.net,THB,286512,14,8/4/2021
95,Dane,Lodovichi,dlodovichi2m@google.de,CNY,148191,14,8/31/2021
96,Lucian,Brew,lbrew2n@adobe.com,PHP,112584,23,7/15/2021
97,Paco,Wornum,pwornum2o@unicef.org,IDR,198900,33,1/10/2021
98,Maia,Dornan,mdornan2p@nbcnews.com,CNY,57120,33,9/15/2022
99,Oliy,McHarry,omcharry2q@livejournal.com,SEK,276419,21,8/13/2022
100,Daryle,Gommey,dgommey2r@ifeng.com,SDG,191383,33,6/8/2020
101,Etienne,Rosengarten,erosengarten2s@hugedomains.com,HRK,78280,23,9/6/2021
102,Pinchas,Marran,pmarran2t@scientificamerican.com,EUR,37839,19,12/21/2021
103,Brendan,Braghini,bbraghini2u@printfriendly.com,PEN,221638,18,4/22/2022
104,Madalyn,Dinning,mdinning2v@unesco.org,XCD,230535,33,11/1/2020
105,Rance,Iceton,riceton2w@wordpress.com,MGA,71609,21,7/3/2022
106,Quincey,Gilbard,qgilbard2x@networkadvertising.org,IDR,160171,11,9/21/2021
107,Archibaldo,Ackermann,aackermann2y@goo.gl,JPY,144931,11,8/1/2021
108,Cori,Harber,charber2z@zdnet.com,CNY,70560,11,11/9/2020
109,Stepha,Valentino,svalentino30@cdbaby.com,ZAR,30022,14,12/7/2021
110,Chas,Thunderchief,cthunderchief31@cdbaby.com,EUR,61348,22,5/8/2021
111,Lorianna,Tumility,ltumility32@barnesandnoble.com,NZD,226009,30,8/19/2022
112,Colan,Bessey,cbessey33@squarespace.com,CNY,154814,33,9/24/2021
113,Lurette,Morrel,lmorrel34@discuz.net,CLP,44480,26,2/23/2020
114,Gaspar,Hammerton,ghammerton35@fda.gov,COP,133946,24,9/4/2020
115,Sukey,Puller,spuller36@ning.com,UAH,250663,29,9/27/2022
116,Paulette,Wakes,pwakes37@creativecommons.org,EUR,130249,17,3/20/2021
117,Buckie,Berns,bberns38@hostgator.com,BRL,255237,27,3/17/2022
118,Melinda,Shemilt,mshemilt39@wikimedia.org,CNY,78400,34,11/21/2022
119,Paloma,Dunford,pdunford3a@bloglovin.com,CNY,133630,35,1/22/2022
120,Thomasina,Quiddington,tquiddington3b@arstechnica.com,CNY,166817,11,5/15/2020
121,Brittany,Andrez,bandrez3c@nih.gov,VND,148140,10,6/6/2021
122,Brooke,Timblett,btimblett3d@archive.org,SYP,39396,19,5/12/2021
123,Peri,Goodings,pgoodings3e@artisteer.com,CNY,221014,25,11/11/2022
124,Bernardo,Grisenthwaite,bgrisenthwaite3f@google.nl,THB,183834,23,4/11/2020
125,Odella,Yakushkin,oyakushkin3g@privacy.gov.au,JPY,239231,10,9/22/2022
126,Juliana,Gottschalk,jgottschalk3h@upenn.edu,PEN,248005,14,5/26/2021
127,Katy,Covert,kcovert3i@google.fr,CNY,238380,22,6/6/2020
128,Stephine,Shailer,sshailer3j@themeforest.net,UZS,94434,34,6/29/2021
129,Silva,Alebrooke,salebrooke3k@businessweek.com,RUB,31270,28,10/1/2021
130,Devy,O' Mulderrig,domulderrig3l@youtu.be,RUB,134190,30,8/24/2022
131,Benson,Ulyat,bulyat3m@blogger.com,RUB,125112,28,3/17/2021
132,Frederic,MacKnockiter,fmacknockiter3n@sohu.com,RUB,253175,25,5/22/2022
133,Jonathon,Backman,jbackman3o@answers.com,EUR,272738,33,3/25/2020
134,Sharline,Hamley,shamley3p@storify.com,RUB,67302,17,7/21/2022
135,Shaine,Bernardy,sbernardy3q@nih.gov,CNY,147172,20,5/5/2020
136,Bambie,Stansfield,bstansfield3r@columbia.edu,CNY,120980,26,8/4/2022
137,Joletta,Deluze,jdeluze3s@mac.com,XOF,236139,13,8/5/2020
138,Consuelo,Fabler,cfabler3t@tamu.edu,EUR,171396,30,8/14/2022
139,Lissy,Kittles,lkittles3u@ocn.ne.jp,RUB,264378,26,6/12/2020
140,Zilvia,Laurenz,zlaurenz3v@yelp.com,USD,261035,17,11/2/2020
141,Daffi,Mines,dmines3w@google.pl,CNY,214734,12,8/29/2020
142,Charmion,Halhead,chalhead3x@dropbox.com,BRL,121134,30,2/25/2020
143,Melinde,Rounsivall,mrounsivall3y@cyberchimps.com,CNY,165184,19,6/30/2021
144,Benoite,Gellately,bgellately3z@w3.org,PEN,135943,34,7/2/2020
145,Giorgio,Greville,ggreville40@prnewswire.com,SEK,230157,32,5/23/2020
146,Lila,Kamien,lkamien41@hostgator.com,IDR,266030,16,6/18/2020
147,Virgilio,Wharrier,vwharrier42@dmoz.org,EUR,155852,31,3/23/2021
148,Clevie,Krauss,ckrauss43@globo.com,BRL,172607,13,6/1/2021
149,Cacilia,Jurs,cjurs44@ezinearticles.com,CNY,185254,28,6/18/2020
150,Mirilla,Tewes,mtewes45@yelp.com,YER,239318,13,7/31/2021
151,Ethelyn,Leather,eleather46@wikimedia.org,CNY,237747,17,7/12/2020
152,Monro,McCorry,mmccorry47@liveinternet.ru,PHP,83235,17,9/8/2020
153,Wallace,Culpin,wculpin48@ox.ac.uk,CZK,48221,21,8/20/2022
154,Hamel,Molloy,hmolloy49@blinklist.com,PEN,31391,29,7/23/2020
155,Renado,Scadden,rscadden4a@yahoo.co.jp,PHP,49631,30,2/17/2022
156,Gilda,D' Angelo,gdangelo4b@fda.gov,THB,49951,17,4/9/2020
157,Rolfe,Boullin,rboullin4c@webeden.co.uk,RUB,276369,13,8/2/2021
158,Gretta,MacSween,gmacsween4d@posterous.com,CNY,62490,19,6/16/2021
159,Barrett,Royds,broyds4e@hao123.com,BRL,27403,27,8/10/2021
160,Shandy,Ditzel,sditzel4f@netlog.com,EUR,201430,31,9/11/2020
161,Tonya,Schukraft,tschukraft4g@apple.com,BRL,244970,33,8/3/2022
162,Tani,Kirwin,tkirwin4h@prweb.com,CAD,28829,29,9/29/2020
163,Reiko,Cattell,rcattell4i@un.org,USD,34209,18,6/12/2021
164,Nilson,McCree,nmccree4j@apple.com,CNY,129590,18,11/16/2022
165,Arlin,Yankishin,ayankishin4k@wiley.com,CAD,51281,20,12/8/2021
166,Mitchell,Chadwick,mchadwick4l@wisc.edu,CNY,171594,11,5/12/2022
167,Heddi,Gier,hgier4m@g.co,CNY,278202,15,10/16/2020
168,Damian,Hastings,dhastings4n@icio.us,CNY,223719,24,12/20/2021
169,Reeba,Dyton,rdyton4o@slashdot.org,YER,257571,23,2/23/2022
170,Carma,McGeady,cmcgeady4p@whitehouse.gov,MXN,143841,13,11/9/2020
171,Kitty,Aliberti,kaliberti4q@behance.net,SEK,63179,24,9/28/2021
172,Vinny,Aujouanet,vaujouanet4r@auda.org.au,EUR,35905,29,12/30/2020
173,Adda,Cardoso,acardoso4s@blog.com,USD,32478,32,3/4/2020
174,Berky,Snartt,bsnartt4t@engadget.com,BRL,111506,33,2/23/2020
175,Emile,Smurthwaite,esmurthwaite4u@imageshack.us,CNY,80393,15,9/9/2020
176,Kaine,Delgaty,kdelgaty4v@ucla.edu,IDR,222316,27,3/3/2020
177,Bert,Carr,bcarr4w@who.int,NOK,203989,34,9/26/2021
178,Devan,Farmar,dfarmar4x@google.ca,EUR,35228,13,6/27/2022
179,Fawnia,Dunphy,fdunphy4y@webeden.co.uk,VND,237317,12,3/29/2021
180,Stanislas,Omar,somar4z@tiny.cc,PHP,201944,32,5/31/2022
181,Lindsey,Laffling,llaffling50@sbwire.com,MGA,123087,16,11/8/2022
182,Keith,Thompson,kthompson51@house.gov,PLN,281629,12,4/6/2022
183,Wyn,Faiers,wfaiers52@ocn.ne.jp,EUR,118561,16,12/22/2021
184,Kienan,Cockren,kcockren53@arstechnica.com,RUB,40144,13,2/19/2022
185,Leesa,Simonson,lsimonson54@usnews.com,CNY,296935,34,5/26/2021
186,Pren,Baal,pbaal55@posterous.com,SEK,90300,10,12/22/2021
187,Saunder,Diego,sdiego56@mtv.com,IDR,140863,30,6/12/2020
188,Rakel,Evason,revason57@umn.edu,EUR,194136,27,4/7/2022
189,Cindie,Shaudfurth,cshaudfurth58@a8.net,ARS,30331,29,3/4/2020
190,Sashenka,Ansty,sansty59@phoca.cz,RUB,276245,21,4/3/2022
191,Nonah,Beedon,nbeedon5a@plala.or.jp,CNY,223495,25,3/29/2022
192,Derry,Ragbourn,dragbourn5b@icq.com,USD,290864,15,12/28/2020
193,Henryetta,Jindacek,hjindacek5c@csmonitor.com,USD,48698,18,1/6/2021
194,Andreana,O'Gorman,aogorman5d@google.de,PHP,263598,19,8/15/2021
195,Harriette,Roullier,hroullier5e@jiathis.com,CNY,163543,34,4/21/2022
196,Celie,Treske,ctreske5f@360.cn,BGN,242926,16,6/18/2021
197,Mirilla,Roome,mroome5g@ihg.com,EUR,41097,12,7/20/2020
198,Dode,Darnbrough,ddarnbrough5h@nsw.gov.au,MNT,131549,25,10/6/2022
199,Corrine,Arrigucci,carrigucci5i@booking.com,USD,214716,30,3/15/2022
200,Aeriel,Mariotte,amariotte5j@google.com.hk,CNY,123473,23,4/22/2021
201,Pamelina,McCarlich,pmccarlich5k@fastcompany.com,USD,117949,14,5/1/2022
202,Marlane,Oglethorpe,moglethorpe5l@xrea.com,CNY,273748,23,10/13/2021
203,Carleton,Letcher,cletcher5m@simplemachines.org,PLN,80945,20,11/4/2021
204,Linnea,Hulstrom,lhulstrom5n@google.com.br,CNY,210215,29,7/17/2022
205,Mirabella,Fleeming,mfleeming5o@dagondesign.com,NGN,86588,14,12/14/2020
206,Kellen,Petasch,kpetasch5p@wikimedia.org,EUR,177114,18,2/13/2022
207,Catharine,Holtham,choltham5q@whitehouse.gov,THB,139044,34,9/25/2020
208,Maryrose,Aggett,maggett5r@blinklist.com,PLN,88962,19,11/15/2021
209,Virginie,Fleckness,vfleckness5s@pinterest.com,THB,31884,15,8/21/2021
210,Zsa zsa,Bayman,zbayman5t@apache.org,EUR,252940,34,8/21/2020
211,Adriano,Fenimore,afenimore5u@europa.eu,PHP,214259,23,6/28/2021
212,Kizzie,Spiers,kspiers5v@topsy.com,PLN,219485,14,8/20/2022
213,Theressa,Glanert,tglanert5w@hud.gov,CNY,137602,28,6/20/2022
214,Oliver,Rockingham,orockingham5x@pinterest.com,IDR,145449,12,10/26/2022
215,Erv,McColl,emccoll5y@washington.edu,MVR,289747,23,6/24/2022
216,Ettore,Bourke,ebourke5z@sciencedirect.com,CNY,100444,31,12/24/2020
217,Aigneis,Doeg,adoeg60@cyberchimps.com,IDR,261205,10,10/11/2020
218,Zed,Rakestraw,zrakestraw61@disqus.com,IDR,103451,17,12/20/2020
219,Evangelina,Goldsbrough,egoldsbrough62@edublogs.org,NGN,140822,19,5/25/2021
220,Brett,Casse,bcasse63@vkontakte.ru,EUR,181569,21,10/13/2021
221,Tad,Davinet,tdavinet64@github.com,IDR,294797,14,10/15/2021
222,Maurice,Moncreiffe,mmoncreiffe65@phoca.cz,CNY,82265,13,5/10/2021
223,Gayleen,Whitehouse,gwhitehouse66@unesco.org,EUR,57595,24,7/16/2022
224,Bethena,Leverington,bleverington67@biglobe.ne.jp,CNY,123608,28,12/10/2021
225,Feliks,Barwack,fbarwack68@telegraph.co.uk,LTL,264995,26,10/11/2022
226,Isabelle,Blodg,iblodg69@washington.edu,VND,254659,15,3/10/2022
227,Eloise,Taylerson,etaylerson6a@google.com.au,JPY,200137,26,10/5/2022
228,Felike,Phetteplace,fphetteplace6b@constantcontact.com,PHP,297385,20,1/7/2021
229,Tamera,Kunzel,tkunzel6c@un.org,CNY,127422,20,8/3/2021
230,Wandis,Schade,wschade6d@si.edu,KPW,80530,17,12/1/2020
231,Dewain,Holborn,dholborn6e@mediafire.com,CZK,130971,33,2/13/2021
232,Jasper,Jossel,jjossel6f@cam.ac.uk,CNY,115773,16,8/14/2022
233,Jeana,Rittmeyer,jrittmeyer6g@toplist.cz,COP,72071,31,12/24/2020
234,Katuscha,Smelley,ksmelley6h@jugem.jp,MMK,93060,18,11/30/2020
235,Federico,Renhard,frenhard6i@mapy.cz,RUB,278123,13,10/31/2021
236,Tull,Dalley,tdalley6j@1688.com,CNY,202462,28,6/24/2020
237,Amalita,Pandey,apandey6k@mysql.com,BRL,203507,10,2/23/2020
238,Tasha,Millmoe,tmillmoe6l@vinaora.com,HNL,172429,17,1/30/2022
239,Vanni,Whelpdale,vwhelpdale6m@oaic.gov.au,RUB,52679,15,11/2/2020
240,Lorenzo,Wines,lwines6n@spiegel.de,MXN,202002,19,3/1/2021
241,Maggy,Doylend,mdoylend6o@lycos.com,TND,151126,22,4/5/2022
242,Itch,Burnes,iburnes6p@ca.gov,GMD,233738,26,2/11/2022
243,Lelah,Skitt,lskitt6q@tumblr.com,COP,120831,12,7/21/2020
244,Bidget,Nielson,bnielson6r@amazonaws.com,DOP,171387,31,2/17/2020
245,Ingmar,Stuckley,istuckley6s@ibm.com,PYG,99696,34,7/10/2022
246,Sosanna,Fitzmaurice,sfitzmaurice6t@arstechnica.com,THB,93673,15,5/1/2022
247,Melodie,Clifford,mclifford6u@cam.ac.uk,RUB,107789,16,11/18/2020
248,Pattie,Craythorn,pcraythorn6v@odnoklassniki.ru,GMD,163399,23,3/9/2022
249,Kurtis,Capini,kcapini6w@columbia.edu,CNY,175817,18,5/13/2020
250,Worden,Strelitz,wstrelitz6x@jigsy.com,EUR,278379,24,10/24/2020
251,Elena,Ropars,eropars6y@facebook.com,CNY,216154,29,4/1/2022
252,Immanuel,Johananov,ijohananov6z@dmoz.org,IDR,107067,10,9/7/2021
253,Bertrando,Vader,bvader70@purevolume.com,CNY,284814,21,6/6/2021
254,Innis,Minghella,iminghella71@over-blog.com,CNY,209852,30,5/18/2022
255,Nicolais,Hagard,nhagard72@wordpress.org,MYR,222911,28,4/26/2022
256,Wolf,Monnoyer,wmonnoyer73@list-manage.com,IDR,280635,28,7/5/2020
257,Celka,Shadbolt,cshadbolt74@msu.edu,CNY,223026,24,9/9/2020
258,Fabio,Wellard,fwellard75@multiply.com,CNY,184000,22,3/26/2021
259,Manya,Toffler,mtoffler76@nasa.gov,HNL,165712,16,11/9/2022
260,Sofia,MacPhail,smacphail77@patch.com,BRL,240947,21,6/27/2021
261,Joya,Colls,jcolls78@shareasale.com,CNY,191009,21,2/28/2021
262,Martin,French,mfrench79@squidoo.com,CNY,152781,29,2/14/2020
263,Doreen,Lantuff,dlantuff7a@hhs.gov,PHP,61108,12,4/17/2022
264,Marci,Suddock,msuddock7b@ox.ac.uk,SRD,172084,35,7/14/2021
265,Larisa,Minton,lminton7c@ft.com,SEK,195317,16,11/17/2022
266,Ariela,Gaitung,agaitung7d@hp.com,CNY,175092,26,3/4/2020
267,Hallsy,Pre,hpre7e@noaa.gov,CNY,33391,35,12/18/2020
268,Ronda,Godney,rgodney7f@squidoo.com,NOK,37970,19,9/9/2021
269,Dominga,Burdge,dburdge7g@utexas.edu,USD,226120,19,2/28/2021
270,Raquel,Labrone,rlabrone7h@imdb.com,USD,204162,14,6/26/2022
271,Harriott,Cufley,hcufley7i@guardian.co.uk,EUR,29418,30,3/10/2020
272,Mabel,Guinnane,mguinnane7j@sohu.com,IDR,156061,21,2/13/2022
273,Jennifer,Robberts,jrobberts7k@imgur.com,IDR,130825,20,8/9/2022
274,Katrina,Stevings,kstevings7l@goodreads.com,CNY,58402,21,7/31/2022
275,Florida,Face,fface7m@qq.com,PLN,85501,34,6/3/2021
276,Storm,Filipczak,sfilipczak7n@liveinternet.ru,BRL,71100,10,7/21/2021
277,Garnet,Mullin,gmullin7o@wordpress.org,DOP,217281,15,6/1/2022
278,Marne,Osgar,mosgar7p@weebly.com,YER,32271,13,8/29/2020
279,Morgan,Gauler,mgauler7q@pagesperso-orange.fr,EUR,207764,10,4/5/2022
280,Thain,Rhymer,trhymer7r@rakuten.co.jp,USD,180662,23,11/23/2021
281,Hashim,Cambell,hcambell7s@list-manage.com,CRC,82655,21,7/29/2022
282,Korella,Sporgeon,ksporgeon7t@flavors.me,COP,259919,10,1/18/2021
283,Hobey,Frandsen,hfrandsen7u@foxnews.com,CNY,97857,28,10/13/2021
284,Spike,Arangy,sarangy7v@feedburner.com,CNY,290283,28,4/12/2020
285,Lyle,Kabsch,lkabsch7w@chicagotribune.com,RUB,204231,32,8/7/2022
286,Bronson,Foulcher,bfoulcher7x@gizmodo.com,TZS,77959,17,2/25/2022
287,Sandi,Bru,sbru7y@dropbox.com,MAD,59387,12,7/12/2021
288,Allianora,McAlindon,amcalindon7z@behance.net,COP,264640,14,7/31/2020
289,Kelsi,Yakovlev,kyakovlev80@t-online.de,CNY,184841,34,11/25/2021
290,Tracey,Annis,tannis81@boston.com,CZK,39191,28,12/29/2021
291,Julee,Sandiland,jsandiland82@unesco.org,RUB,185978,22,4/7/2020
292,Kaleena,Vequaud,kvequaud83@e-recht24.de,COP,208091,15,5/7/2021
293,Daniele,Cicero,dcicero84@oracle.com,USD,182688,34,10/29/2020
294,Killie,Jakel,kjakel85@angelfire.com,BRL,64753,10,1/15/2021
295,Daren,Pennington,dpennington86@seattletimes.com,CNY,39771,21,5/28/2020
296,Carce,Rediers,crediers87@123-reg.co.uk,CNY,106466,22,1/30/2022
297,Venita,Patry,vpatry88@soundcloud.com,HUF,288590,27,10/16/2022
298,Sollie,Magrannell,smagrannell89@tiny.cc,KRW,72074,11,10/31/2020
299,Fidela,Bille,fbille8a@icio.us,EUR,137006,23,2/8/2021
300,Pavia,Berthelmot,pberthelmot8b@csmonitor.com,EUR,270521,16,2/5/2022
301,Peterus,Milsap,pmilsap8c@admin.ch,CNY,288285,25,6/29/2021
302,Haslett,Alebrooke,halebrooke8d@hexun.com,PHP,59661,12,4/23/2021
303,Dell,McFeat,dmcfeat8e@cisco.com,CNY,192683,35,8/31/2020
304,Edna,Belly,ebelly8f@rediff.com,RUB,223758,12,2/24/2020
305,Darline,Brockington,dbrockington8g@studiopress.com,IDR,296446,13,4/12/2022
306,Mickie,Rohlf,mrohlf8h@issuu.com,IDR,209807,26,11/29/2021
307,Eldin,Cuningham,ecuningham8i@amazonaws.com,CDF,218674,30,9/1/2021
308,Robby,Wagstaff,rwagstaff8j@jiathis.com,UAH,120693,20,5/6/2022
309,Michel,Spelsbury,mspelsbury8k@gmpg.org,PLN,205989,19,3/26/2022
310,Raye,Nickless,rnickless8l@tiny.cc,COP,275978,20,9/13/2021
311,Clemmie,Celloni,ccelloni8m@howstuffworks.com,PEN,236916,25,7/17/2020
312,Arny,Blowes,ablowes8n@who.int,PLN,62227,16,4/10/2021
313,Neel,Ingham,ningham8o@friendfeed.com,IDR,124514,27,11/18/2021
314,Revkah,Strauss,rstrauss8p@t-online.de,ARS,194046,19,2/29/2020
315,Auria,Spall,aspall8q@ucla.edu,PHP,227382,19,12/17/2021
316,Desiree,Lowsely,dlowsely8r@liveinternet.ru,RSD,102240,13,12/30/2021
317,Erasmus,Arnaldo,earnaldo8s@geocities.jp,PHP,122238,27,9/9/2021
318,Hedvig,Ritter,hritter8t@cnbc.com,PLN,267114,23,11/15/2022
319,Erl,Lavarack,elavarack8u@state.tx.us,EUR,166822,30,5/12/2020
320,Ibrahim,Aucourte,iaucourte8v@pbs.org,IDR,280935,35,1/26/2021
321,Shep,Farens,sfarens8w@nifty.com,IDR,170361,23,12/19/2021
322,Terri,Belhome,tbelhome8x@usnews.com,IDR,133455,23,12/17/2021
323,Athene,Hallows,ahallows8y@studiopress.com,CNY,234529,35,5/22/2021
324,Diane,Bowbrick,dbowbrick8z@businesswire.com,RUB,76307,20,5/20/2022
325,Leslie,Izachik,lizachik90@sogou.com,EUR,246288,15,2/1/2022
326,Margalit,Dalgetty,mdalgetty91@acquirethisname.com,COP,70440,22,2/18/2022
327,Lilias,Russon,lrusson92@amazon.com,RUB,140482,35,2/6/2022
328,Biddie,Rossander,brossander93@ning.com,CNY,61525,22,6/22/2022
329,Kalli,Mahaddie,kmahaddie94@dell.com,EGP,35407,15,4/6/2022
330,Leesa,Morales,lmorales95@squarespace.com,PEN,244965,28,9/29/2021
331,Sisile,Sawfoot,ssawfoot96@kickstarter.com,PEN,51476,30,6/25/2022
332,Barbara-anne,Edgin,bedgin97@live.com,PHP,75674,24,3/19/2021
333,Huntington,Trobey,htrobey98@wordpress.org,VND,53531,27,6/25/2022
334,Bennie,Cavanaugh,bcavanaugh99@oakley.com,UAH,34315,10,4/27/2022
335,Donnell,Pennycuick,dpennycuick9a@prweb.com,IDR,46643,13,4/23/2022
336,Kristin,Gouge,kgouge9b@example.com,LAK,205534,32,3/3/2022
337,Raoul,Holdey,rholdey9c@harvard.edu,PYG,153196,24,4/10/2020
338,Eugenia,Shiliton,eshiliton9d@skype.com,EUR,93704,18,5/31/2020
339,Beth,Conelly,bconelly9e@ebay.com,EUR,36650,29,10/1/2022
340,Raff,Priestley,rpriestley9f@com.com,PEN,218234,15,7/1/2021
341,Mercedes,Edridge,medridge9g@nifty.com,CNY,123794,29,8/16/2021
342,Cyrille,Mennear,cmennear9h@example.com,CNY,55798,23,3/10/2022
343,Ban,Mariyushkin,bmariyushkin9i@bizjournals.com,KZT,195148,35,7/17/2022
344,Rahal,Essery,ressery9j@imageshack.us,JPY,181182,17,3/17/2021
345,Millicent,Aylmore,maylmore9k@ezinearticles.com,ILS,167399,22,6/17/2022
346,Trula,Sandbatch,tsandbatch9l@themeforest.net,CNY,189987,12,2/11/2022
347,Gabriell,Traise,gtraise9m@cbslocal.com,EUR,191731,15,2/7/2020
348,Tristan,Bloggett,tbloggett9n@cbsnews.com,USD,57069,22,1/7/2021
349,Myrtie,Bartolomeo,mbartolomeo9o@wp.com,EUR,189390,10,6/18/2020
350,Dominga,O'Dunneen,dodunneen9p@webnode.com,CNY,155309,20,7/12/2020
351,Barr,Walkingshaw,bwalkingshaw9q@forbes.com,COP,194509,16,4/15/2020
352,Haley,Force,hforce9r@hugedomains.com,EUR,86069,28,9/2/2021
353,Cliff,Rolfe,crolfe9s@jiathis.com,RUB,121470,21,5/26/2021
354,Cory,Hagan,chagan9t@github.com,PLN,60403,16,11/4/2020
355,Jeromy,Robbel,jrobbel9u@hud.gov,CNY,230484,32,7/26/2022
356,Ericha,Milstead,emilstead9v@mozilla.org,IDR,51440,14,4/21/2020
357,Joceline,Abade,jabade9w@barnesandnoble.com,AOA,255578,11,7/9/2021
358,Zed,Kentwell,zkentwell9x@sbwire.com,CNY,62593,31,12/22/2021
359,Orion,Eastwood,oeastwood9y@springer.com,PLN,34522,33,2/3/2020
360,Tanya,Meth,tmeth9z@weebly.com,EUR,127494,35,2/2/2022
361,Fabio,Bartell,fbartella0@slideshare.net,CNY,295626,28,4/28/2020
362,Goddard,Pittock,gpittocka1@pagesperso-orange.fr,CNY,25194,18,9/11/2022
363,Ruthi,Noakes,rnoakesa2@reddit.com,IDR,42322,35,10/24/2020
364,Adelina,Bough,abougha3@phoca.cz,BDT,152590,21,2/28/2021
365,Jozef,Vitte,jvittea4@homestead.com,CNY,71247,14,8/9/2021
366,Malva,Neenan,mneenana5@ebay.com,KMF,25216,30,4/24/2020
367,Nolan,Rispine,nrispinea6@bravesites.com,CDF,107627,15,3/21/2020
368,Finlay,Broadbridge,fbroadbridgea7@zimbio.com,CAD,249426,22,6/12/2020
369,Petunia,Bosche,pboschea8@hugedomains.com,PHP,182762,34,5/16/2022
370,Guntar,Troillet,gtroilleta9@chron.com,MGA,283457,27,9/10/2020
371,Jan,Estick,jestickaa@japanpost.jp,RSD,175725,20,11/6/2020
372,Maxie,Dingwall,mdingwallab@toplist.cz,CZK,78836,13,4/25/2021
373,Jarred,Solomonides,jsolomonidesac@baidu.com,UAH,218188,32,8/14/2022
374,Garald,Grzegorecki,ggrzegoreckiad@creativecommons.org,EUR,246434,35,10/28/2020
375,Gwenni,Isaac,gisaacae@slate.com,KES,239844,30,3/26/2020
376,Egbert,Gogerty,egogertyaf@bbb.org,PHP,178501,13,5/1/2021
377,Basia,Cinnamond,bcinnamondag@yelp.com,PLN,55980,31,4/2/2020
378,Belva,Laker,blakerah@usnews.com,COP,176225,35,3/6/2022
379,Moe,Stobart,mstobartai@hatena.ne.jp,IDR,120379,19,10/23/2021
380,Inga,Glazzard,iglazzardaj@wsj.com,PHP,164584,30,11/13/2021
381,Katrine,Prettejohns,kprettejohnsak@cisco.com,EUR,55027,17,3/20/2022
382,Padraic,Bealing,pbealingal@topsy.com,AFN,67194,10,5/19/2020
383,Bo,Gooly,bgoolyam@microsoft.com,JOD,51621,16,3/8/2022
384,Hoyt,Demangeot,hdemangeotan@addthis.com,RUB,61265,20,7/9/2020
385,Nathanael,Gabbott,ngabbottao@nasa.gov,EUR,207097,11,8/22/2021
386,Desirae,Jordi,djordiap@usa.gov,CZK,181461,18,6/24/2021
387,Missie,Peirce,mpeirceaq@edublogs.org,XOF,252621,35,4/12/2022
388,Cory,Mullane,cmullanear@usa.gov,PHP,105063,33,4/7/2020
389,Inness,Keighly,ikeighlyas@nationalgeographic.com,BRL,257140,18,6/25/2021
390,Arte,Carnihan,acarnihanat@amazon.co.uk,CNY,250319,34,4/20/2020
391,Justinian,Churchlow,jchurchlowau@skyrock.com,PHP,42853,15,8/30/2021
392,Roman,Gallimore,rgallimoreav@bandcamp.com,THB,203995,33,10/28/2022
393,Fawne,Robbert,frobbertaw@addthis.com,KHR,189837,28,10/18/2020
394,Haleigh,Lyfe,hlyfeax@rambler.ru,PEN,189296,14,2/10/2020
395,Angeli,Neylon,aneylonay@themeforest.net,RSD,59133,17,10/5/2022
396,Neilla,Mansel,nmanselaz@cornell.edu,CNY,58270,30,11/25/2020
397,Lorettalorna,Offield,loffieldb0@printfriendly.com,SEK,192899,21,10/8/2021
398,Haydon,Rudderham,hrudderhamb1@vk.com,EUR,71804,30,2/3/2020
399,Susanna,Walaron,swalaronb2@booking.com,PLN,203547,26,9/1/2022
400,Richie,Callar,rcallarb3@constantcontact.com,EUR,251855,14,10/15/2020
401,Gertrudis,Alexis,galexisb4@live.com,ARS,103147,11,2/28/2020
402,Mickey,Ambrogio,mambrogiob5@princeton.edu,MNT,66606,13,4/16/2021
403,Jody,Le Sieur,jlesieurb6@comsenz.com,BRL,293191,33,6/14/2022
404,Alister,Bohje,abohjeb7@wufoo.com,ARS,201249,15,1/14/2021
405,Lonee,Postan,lpostanb8@desdev.cn,IQD,244843,19,6/30/2020
406,Dayna,Fletcher,dfletcherb9@ted.com,EUR,31321,16,4/8/2021
407,Beniamino,Dockrey,bdockreyba@networkadvertising.org,CNY,198472,29,2/28/2020
408,Debby,Stannering,dstanneringbb@yandex.ru,CNY,259929,18,9/17/2020
409,Reinhard,Eaglen,reaglenbc@businesswire.com,SEK,276624,21,4/7/2020
410,Ancell,Bahlmann,abahlmannbd@sina.com.cn,IDR,106118,25,6/24/2021
411,Evan,Bernardotti,ebernardottibe@technorati.com,IDR,55223,34,4/5/2021
412,Conni,Coat,ccoatbf@linkedin.com,IDR,249960,26,8/23/2021
413,Valera,Grumley,vgrumleybg@alexa.com,EUR,151862,28,3/8/2021
414,Lauri,Hubbold,lhubboldbh@disqus.com,MYR,191649,15,3/18/2021
415,Frannie,Docker,fdockerbi@bloomberg.com,IDR,101927,22,9/16/2022
416,Hiram,Cashman,hcashmanbj@seesaa.net,PLN,132425,25,12/9/2020
417,Ariadne,Chilvers,achilversbk@phpbb.com,PHP,154534,21,11/30/2021
418,Clare,Dumbarton,cdumbartonbl@chicagotribune.com,CNY,239951,16,7/14/2021
419,Hermon,Mingard,hmingardbm@cnbc.com,PLN,57193,12,9/29/2021
420,Thain,Croan,tcroanbn@macromedia.com,EUR,232672,27,2/8/2020
421,Eddy,Sidgwick,esidgwickbo@newsvine.com,PHP,160672,30,3/6/2021
422,Angelia,Egger,aeggerbp@freewebs.com,JOD,56422,33,10/27/2022
423,Nonie,Nielson,nnielsonbq@prnewswire.com,IDR,95852,17,11/17/2020
424,Hayward,Loveless,hlovelessbr@ft.com,SEK,258637,18,9/27/2022
425,Catlaina,Hills,chillsbs@narod.ru,RUB,260839,29,10/16/2020
426,Powell,Carbonell,pcarbonellbt@npr.org,CNY,235399,25,10/7/2021
427,Sidonia,Ferruzzi,sferruzzibu@comcast.net,RUB,200140,22,2/9/2020
428,Ashil,Boarleyson,aboarleysonbv@earthlink.net,IDR,138452,27,11/6/2022
429,Sebastian,Manhare,smanharebw@mail.ru,USD,259771,23,4/17/2022
430,Tedi,Werrilow,twerrilowbx@icio.us,IDR,157712,11,4/4/2022
431,Nada,Glaysher,nglaysherby@who.int,BRL,169278,22,4/29/2021
432,Tades,Rasher,trasherbz@yahoo.co.jp,ILS,119268,18,7/18/2020
433,Tiffanie,Cumberledge,tcumberledgec0@hugedomains.com,PHP,256757,29,6/13/2020
434,Delcina,Gauthorpp,dgauthorppc1@addtoany.com,IDR,68925,18,9/14/2020
435,Rianon,MacFaell,rmacfaellc2@g.co,MYR,201490,28,9/11/2020
436,Thorn,Bazley,tbazleyc3@nydailynews.com,NOK,242995,14,4/23/2021
437,Marten,Jeavon,mjeavonc4@surveymonkey.com,PLN,111868,19,7/3/2022
438,Constantine,Burne,cburnec5@weibo.com,RUB,105546,21,10/30/2021
439,Hedvig,Symper,hsymperc6@mail.ru,IDR,218980,20,6/11/2020
440,Xylina,Gaisford,xgaisfordc7@discuz.net,PHP,218628,16,9/8/2021
441,Angel,Cutress,acutressc8@businessweek.com,EUR,52404,23,2/1/2021
442,Georgine,Daniel,gdanielc9@google.com.au,CNY,100782,26,3/12/2020
443,Morgan,Brittoner,mbrittonerca@cloudflare.com,CNY,64879,22,8/2/2022
444,Bride,Ubsdale,bubsdalecb@walmart.com,USD,190967,18,4/25/2022
445,Corney,Borghese,cborghesecc@dailymotion.com,EUR,294204,11,7/24/2022
446,Gladys,Weyman,gweymancd@usatoday.com,CNY,89439,35,6/21/2020
447,Ardeen,Badsey,abadseyce@blinklist.com,JPY,144592,11,9/6/2021
448,Guss,Boutellier,gboutelliercf@epa.gov,PHP,65017,22,7/7/2020
449,Octavia,Shaxby,oshaxbycg@apple.com,CZK,47116,29,12/19/2021
450,Hanna,Coltan,hcoltanch@constantcontact.com,ZAR,29989,25,4/25/2022
451,Maddy,Hallick,mhallickci@multiply.com,CNY,237399,25,7/26/2021
452,Theadora,Reynold,treynoldcj@mashable.com,CNY,202474,24,11/25/2020
453,Codie,Vardey,cvardeyck@cbsnews.com,CNY,39717,34,1/13/2022
454,Sarina,Giraldez,sgiraldezcl@wikimedia.org,AZN,232244,13,11/2/2022
455,Lizbeth,Loughren,lloughrencm@newyorker.com,EUR,25920,26,11/9/2020
456,Odelle,Fargie,ofargiecn@unblog.fr,USD,120413,23,6/10/2021
457,Sax,Timpany,stimpanyco@theatlantic.com,ARS,225872,23,5/31/2022
458,Sonnnie,Weems,sweemscp@soundcloud.com,EUR,160525,32,3/9/2022
459,Sharline,Gutcher,sgutchercq@squidoo.com,IDR,117070,20,1/8/2022
460,Kimberli,Braam,kbraamcr@nyu.edu,COP,294252,12,8/30/2021
461,Kerk,Toping,ktopingcs@virginia.edu,MNT,29769,33,5/28/2022
462,Edie,Christou,echristouct@cornell.edu,IDR,172092,19,7/15/2022
463,Lane,Eiler,leilercu@discovery.com,PEN,215347,31,12/1/2021
464,Esra,Petrasso,epetrassocv@instagram.com,MYR,273767,22,10/13/2021
465,Kristoforo,Winspeare,kwinspearecw@surveymonkey.com,RSD,97185,16,9/2/2022
466,Lars,Dmitrovic,ldmitroviccx@statcounter.com,IDR,74003,24,10/14/2020
467,Tabbi,Habden,thabdency@state.gov,PHP,264922,29,5/24/2021
468,Winifield,Frake,wfrakecz@china.com.cn,COP,165227,15,4/12/2022
469,Even,McQuorkell,emcquorkelld0@pcworld.com,PKR,299931,12,5/15/2021
470,Fabian,Cammomile,fcammomiled1@yahoo.com,CNY,47882,18,7/4/2021
471,Clementina,Bass,cbassd2@mashable.com,IDR,144797,33,12/6/2021
472,Casandra,Edlyne,cedlyned3@opera.com,CAD,211724,15,10/3/2020
473,Vinnie,Leafe,vleafed4@list-manage.com,ARS,261709,30,7/17/2020
474,Amalia,Feedham,afeedhamd5@istockphoto.com,DOP,183788,25,6/8/2021
475,Leeanne,Rosingdall,lrosingdalld6@people.com.cn,SEK,25737,18,2/8/2021
476,Umberto,Burfoot,uburfootd7@home.pl,CNY,122339,19,11/7/2020
477,Othella,Zucker,ozuckerd8@dot.gov,XCD,131371,28,5/23/2022
478,Fredelia,Rudgard,frudgardd9@admin.ch,VEF,93403,35,5/25/2022
479,Karlotte,Jaimez,kjaimezda@bing.com,UAH,71094,28,6/24/2020
480,Leland,Cottee,lcotteedb@berkeley.edu,CNY,227092,24,10/29/2021
481,Kit,Trevorrow,ktrevorrowdc@xing.com,RUB,270728,15,4/29/2021
482,Chaddy,Novill,cnovilldd@mashable.com,CNY,185597,20,7/4/2021
483,Electra,Cristofvao,ecristofvaode@last.fm,PHP,112586,13,9/15/2020
484,Edd,Orto,eortodf@washington.edu,CNY,147508,15,8/19/2021
485,Ole,Eakle,oeakledg@arstechnica.com,PLN,226785,19,8/22/2020
486,Val,Perks,vperksdh@google.pl,USD,259639,26,5/18/2022
487,Giulia,Judd,gjudddi@house.gov,PEN,283601,20,6/23/2022
488,Geri,Merrisson,gmerrissondj@dailymotion.com,PHP,195524,21,7/8/2022
489,Cassie,Daspar,cdaspardk@unc.edu,PHP,188215,28,6/13/2021
490,Gaspard,Goulter,ggoulterdl@whitehouse.gov,CNY,245751,31,2/10/2022
491,Grenville,Edgecombe,gedgecombedm@reference.com,PHP,199257,11,8/17/2020
492,Livvie,Grealey,lgrealeydn@fotki.com,CNY,145401,28,3/23/2022
493,Mary,Comford,mcomforddo@hugedomains.com,CNY,228160,10,11/2/2022
494,Rikki,Sharpous,rsharpousdp@digg.com,COP,39997,23,7/15/2020
495,Lynn,Prujean,lprujeandq@purevolume.com,EUR,228457,13,8/23/2022
496,Lindy,Aspole,laspoledr@arizona.edu,RUB,221846,13,10/21/2022
497,Sada,Asgodby,sasgodbyds@spiegel.de,PHP,225842,28,4/24/2022
498,Christiano,Gecke,cgeckedt@nps.gov,BRL,238793,30,7/1/2022
499,Wilburt,Seifenmacher,wseifenmacherdu@fastcompany.com,UYU,183829,32,9/6/2020
500,Lars,Woodall,lwoodalldv@bloglovin.com,CNY,251229,24,9/4/2021
501,Robbie,L'Hommee,rlhommeedw@prweb.com,COP,96720,29,6/29/2021
502,Pippy,Obray,pobraydx@google.ca,ILS,96134,31,11/13/2022
503,Rycca,Corson,rcorsondy@mozilla.org,RSD,47684,15,2/9/2022
504,Meredithe,Van T'Hoog,mvanthoogdz@barnesandnoble.com,PHP,201485,18,12/26/2021
505,Adler,McKew,amckewe0@bravesites.com,CNY,68697,35,8/14/2021
506,Florance,Tomik,ftomike1@istockphoto.com,CNY,123599,17,6/2/2021
507,Nerti,Soden,nsodene2@npr.org,CDF,269622,24,8/2/2020
508,Merry,Sacchetti,msacchettie3@bloglovin.com,CNY,146916,13,6/29/2021
509,Emmott,Tritten,etrittene4@virginia.edu,IDR,65060,29,8/20/2020
510,Dennison,Yven,dyvene5@desdev.cn,IDR,225622,17,1/29/2021
511,Debra,Mannock,dmannocke6@bandcamp.com,KZT,218347,14,12/8/2021
512,Dehlia,Forrestill,dforrestille7@craigslist.org,PLN,148907,29,3/26/2022
513,Lissie,Gelletly,lgelletlye8@wired.com,CNY,93266,12,11/19/2021
514,Almire,Kersting,akerstinge9@pcworld.com,CAD,272587,16,2/25/2021
515,Randy,Curedell,rcuredellea@bing.com,MGA,47170,14,10/24/2021
516,Lexi,Davoren,ldavoreneb@google.nl,BGN,144701,18,11/16/2021
517,Gabrielle,Churching,gchurchingec@csmonitor.com,EUR,112289,30,8/3/2022
518,Kristine,Hargie,khargieed@umich.edu,USD,64138,30,2/17/2022
519,Catarina,Ohrt,cohrtee@nytimes.com,MXN,202048,31,10/21/2021
520,Valene,Miskimmon,vmiskimmonef@google.co.jp,EUR,238612,29,3/13/2020
521,Farlie,Oyley,foyleyeg@ameblo.jp,EUR,88748,26,11/16/2020
522,Kendra,Borwick,kborwickeh@disqus.com,XOF,273031,29,1/23/2021
523,Consolata,Folcarelli,cfolcarelliei@gizmodo.com,USD,292514,27,3/10/2020
524,Hildagarde,Friary,hfriaryej@angelfire.com,EUR,186860,24,7/2/2022
525,Gerome,Bernardet,gbernardetek@ning.com,BRL,37915,24,4/15/2020
526,Peta,Leyband,pleybandel@bizjournals.com,PHP,220797,12,9/28/2020
527,Annamaria,Chaim,achaimem@nasa.gov,CNY,216834,28,11/23/2021
528,Laurel,Woodland,lwoodlanden@google.com,BRL,265221,35,8/12/2020
529,Carney,Eames,ceameseo@elegantthemes.com,IDR,57257,11,11/8/2020
530,Marjorie,Victory,mvictoryep@dagondesign.com,CNY,84794,14,11/26/2020
531,Brandie,Broker,bbrokereq@bluehost.com,CNY,134375,23,4/16/2020
532,Nicholle,Rodgerson,nrodgersoner@patch.com,BRL,28358,10,4/26/2021
533,Christie,Gager,cgageres@msn.com,CNY,151717,22,11/10/2022
534,Herold,Polden,hpoldenet@ycombinator.com,USD,266143,31,5/14/2021
535,Stephana,Burrus,sburruseu@biblegateway.com,ALL,161154,19,2/9/2021
536,Ammamaria,Philot,aphilotev@google.it,CNY,264910,34,5/13/2020
537,Rorie,Lokier,rlokierew@is.gd,CNY,286168,32,4/25/2021
538,Madison,Reimers,mreimersex@ucoz.ru,IDR,121179,11,8/12/2020
539,Devonne,Woodburn,dwoodburney@cargocollective.com,CNY,85128,28,3/25/2022
540,Bentley,Van der Velde,bvanderveldeez@uol.com.br,IDR,283085,29,6/30/2022
541,Sinclare,California,scaliforniaf0@wordpress.com,BRL,260770,30,7/13/2020
542,Susannah,Levee,sleveef1@google.co.uk,EUR,108386,26,9/4/2020
543,Xylia,Oley,xoleyf2@senate.gov,PHP,210828,13,8/29/2022
544,Kalindi,Chittim,kchittimf3@home.pl,CNY,144823,30,11/21/2020
545,Ellerey,Chisholme,echisholmef4@over-blog.com,IDR,104169,10,12/27/2020
546,Curry,Schlagh,cschlaghf5@nbcnews.com,EUR,45303,21,2/13/2022
547,Verena,Bricknell,vbricknellf6@vistaprint.com,RUB,226744,35,12/21/2021
548,Fawnia,Cruikshank,fcruikshankf7@dailymotion.com,EUR,60802,35,4/1/2022
549,Ignatius,Olney,iolneyf8@joomla.org,CNY,87082,17,9/25/2020
550,Theo,Sorrill,tsorrillf9@independent.co.uk,MNT,119655,13,5/17/2021
551,Connor,Pogg,cpoggfa@csmonitor.com,RUB,211276,27,6/6/2022
552,Keelia,Hof,khoffb@webeden.co.uk,EUR,198451,15,8/10/2022
553,Allie,Duguid,aduguidfc@weather.com,RUB,36132,13,4/7/2020
554,Domenico,Lambin,dlambinfd@tripod.com,PKR,271478,13,7/5/2020
555,Darbie,Rasch,draschfe@soundcloud.com,CNY,48269,14,8/1/2021
556,Aurelia,Fenty,afentyff@telegraph.co.uk,MNT,38695,19,3/4/2021
557,Maire,Digle,mdiglefg@flickr.com,CNY,145324,15,6/18/2020
558,Randell,Rengger,rrenggerfh@webnode.com,BRL,198718,15,11/27/2020
559,Ariana,Nashe,anashefi@g.co,HNL,298229,31,10/19/2021
560,Jermain,Frontczak,jfrontczakfj@amazon.co.uk,LYD,41731,34,3/16/2020
561,Venita,Maultby,vmaultbyfk@nps.gov,IDR,78675,10,7/4/2020
562,Barbie,Mayho,bmayhofl@123-reg.co.uk,IDR,127800,26,8/27/2021
563,Milicent,Ridges,mridgesfm@gizmodo.com,IDR,157680,12,5/26/2020
564,Sindee,Palmer,spalmerfn@admin.ch,VND,264967,26,11/30/2020
565,Hedwiga,Loughran,hloughranfo@dailymotion.com,PLN,228152,17,3/15/2020
566,Jsandye,Laven,jlavenfp@last.fm,IDR,197592,31,10/14/2020
567,Frasco,Spileman,fspilemanfq@upenn.edu,CNY,162862,21,6/12/2020
568,Olva,Munehay,omunehayfr@google.it,IDR,204891,14,10/30/2020
569,Roxanna,Ruspine,rruspinefs@ucoz.com,CNY,50781,26,9/30/2022
570,Euphemia,Luxen,eluxenft@mapy.cz,PAB,256851,12,9/19/2021
571,Philippine,Eard,peardfu@hao123.com,PHP,40845,15,9/22/2022
572,Lorena,Garnul,lgarnulfv@mapy.cz,PHP,173122,23,2/5/2021
573,Cull,Goodhew,cgoodhewfw@who.int,EUR,86660,11,11/14/2022
574,Meg,Cane,mcanefx@t.co,USD,185013,35,11/5/2020
575,Stillmann,Gretton,sgrettonfy@cisco.com,MNT,197791,14,4/21/2020
576,Arda,Gounet,agounetfz@alexa.com,PLN,297981,11,9/22/2020
577,Tyler,Sam,tsamg0@biglobe.ne.jp,KPW,65887,16,4/30/2020
578,Noellyn,Ewing,newingg1@ocn.ne.jp,CNY,178672,16,10/26/2020
579,Emmie,Waltering,ewalteringg2@samsung.com,CNY,168094,29,5/28/2021
580,Rica,Roke,rrokeg3@independent.co.uk,BYR,294033,29,2/3/2022
581,Sue,Ammer,sammerg4@odnoklassniki.ru,AZN,197187,18,2/11/2022
582,Jillayne,Oddboy,joddboyg5@wordpress.org,UYU,275483,34,10/21/2020
583,Rheta,Wiskar,rwiskarg6@quantcast.com,IDR,206249,18,4/8/2021
584,Fannie,Livzey,flivzeyg7@github.com,THB,274576,29,1/27/2021
585,Prissie,Bullen,pbulleng8@amazonaws.com,CNY,114270,14,9/13/2021
586,Orion,Ronald,oronaldg9@patch.com,CNY,76751,11,11/9/2022
587,Amanda,Crocket,acrocketga@msu.edu,BRL,258371,25,3/22/2022
588,Oralie,Sones,osonesgb@slate.com,SEK,124669,29,11/26/2021
589,Rahal,Colston,rcolstongc@walmart.com,EUR,76014,11,2/21/2022
590,Pat,Bould,pbouldgd@github.com,CNY,272483,32,1/30/2022
591,Merlina,Stapleford,mstaplefordge@digg.com,EUR,291126,20,10/8/2020
592,Elladine,Donnison,edonnisongf@ezinearticles.com,CNY,155525,12,8/14/2020
593,Rudiger,Farley,rfarleygg@fc2.com,AMD,77995,18,4/8/2022
594,Edyth,Bonhomme,ebonhommegh@google.com.hk,HRK,271092,17,5/27/2022
595,Casie,Salkeld,csalkeldgi@discuz.net,ARS,47606,19,11/17/2021
596,Charis,Hawe,chawegj@patch.com,MMK,186030,29,11/30/2021
597,Agustin,Biddwell,abiddwellgk@t.co,CNY,183722,21,9/28/2021
598,Roderick,Nutbean,rnutbeangl@auda.org.au,CNY,27985,31,10/1/2020
599,Annis,Tacey,ataceygm@geocities.jp,IDR,196634,24,9/21/2022
600,Eduardo,Gynn,egynngn@marriott.com,PLN,173127,28,9/29/2021
601,Zsazsa,Gatheridge,zgatheridgego@upenn.edu,PHP,111012,27,8/4/2020
602,Gayle,Essberger,gessbergergp@disqus.com,IDR,65149,32,12/3/2021
603,Gail,Neilands,gneilandsgq@blogger.com,AZN,164044,15,9/3/2020
604,Katrina,Cracie,kcraciegr@youku.com,XAF,35572,14,4/19/2021
605,Kendra,Halkyard,khalkyardgs@answers.com,IDR,261436,33,8/28/2022
606,Franklin,Frankema,ffrankemagt@columbia.edu,CNY,154852,23,10/22/2021
607,Paquito,Kildale,pkildalegu@list-manage.com,AMD,182356,20,10/31/2022
608,Quintana,Baudoux,qbaudouxgv@cbc.ca,BRL,249025,10,7/2/2020
609,Hobie,Haylands,hhaylandsgw@paginegialle.it,BRL,237118,17,7/27/2021
610,Ebeneser,Aleveque,ealevequegx@cdc.gov,IDR,263159,31,5/15/2022
611,Minetta,Beville,mbevillegy@github.io,PLN,176253,20,4/15/2022
612,Raimund,Mealing,rmealinggz@plala.or.jp,CNY,93406,14,5/4/2022
613,Mamie,Kenright,mkenrighth0@php.net,BRL,179158,21,10/29/2020
614,Jordanna,Tichelaar,jtichelaarh1@salon.com,CNY,132983,23,7/7/2020
615,Elsa,Lerway,elerwayh2@unicef.org,CNY,110432,12,2/2/2020
616,Maurene,Camis,mcamish3@about.com,CNY,152227,16,12/4/2020
617,Viva,Learoid,vlearoidh4@loc.gov,CNY,155546,11,9/19/2020
618,Karin,Enevoldsen,kenevoldsenh5@flavors.me,LBP,26554,24,11/27/2020
619,Duffy,Pim,dpimh6@omniture.com,PLN,131935,29,9/29/2022
620,Wells,Grieveson,wgrievesonh7@cnbc.com,PHP,52481,33,5/16/2020
621,Caren,Flawn,cflawnh8@issuu.com,VND,88354,34,10/2/2022
622,Avivah,Smitham,asmithamh9@bbc.co.uk,MXN,216302,25,5/5/2021
623,Marsha,Seymour,mseymourha@washingtonpost.com,EUR,205741,26,3/7/2020
624,Manda,Fortune,mfortunehb@a8.net,IDR,203669,11,8/17/2021
625,Ceciley,Barnham,cbarnhamhc@people.com.cn,SEK,122264,34,6/11/2022
626,Elvyn,Franzetti,efranzettihd@dropbox.com,BRL,57752,27,3/23/2021
627,Sheppard,Beck,sbeckhe@feedburner.com,DOP,121156,34,3/26/2020
628,Lina,Langan,llanganhf@macromedia.com,USD,130966,17,2/25/2021
629,Roderic,Duddle,rduddlehg@facebook.com,RUB,275302,11,7/5/2020
630,Glenine,Didball,gdidballhh@phpbb.com,THB,262974,26,3/9/2021
631,Rodrique,Paddie,rpaddiehi@goo.ne.jp,NOK,46316,27,7/10/2022
632,Jaquelin,Matuszewski,jmatuszewskihj@about.me,CNY,298163,33,11/22/2021
633,Towny,Madge,tmadgehk@photobucket.com,IDR,201206,24,11/23/2021
634,Jessamyn,Ewence,jewencehl@boston.com,RUB,170695,35,10/29/2022
635,Lilla,Batrip,lbatriphm@shop-pro.jp,IDR,296160,23,1/16/2021
636,Marian,Haborn,mhabornhn@techcrunch.com,EUR,31582,10,3/11/2020
637,Monro,Venour,mvenourho@gnu.org,MAD,124675,31,6/2/2022
638,Shina,Volante,svolantehp@toplist.cz,CNY,271116,12,4/12/2021
639,Ray,Koubu,rkoubuhq@jimdo.com,ZAR,79408,33,1/28/2021
640,Meier,August,maugusthr@photobucket.com,NZD,232332,27,4/29/2020
641,Ulrich,Merriman,umerrimanhs@comsenz.com,MAD,253215,14,10/14/2022
642,Malcolm,Luberti,mlubertiht@tripadvisor.com,CNY,287947,22,11/5/2022
643,Tommy,de Savery,tdesaveryhu@ocn.ne.jp,SEK,260259,29,4/18/2022
644,Fianna,Booij,fbooijhv@sina.com.cn,PHP,220619,13,9/22/2021
645,Dosi,Caves,dcaveshw@uiuc.edu,CNY,175183,14,9/6/2021
646,Nicol,Spurden,nspurdenhx@arizona.edu,BRL,78549,30,7/28/2021
647,Siobhan,Laskey,slaskeyhy@disqus.com,ZAR,262786,19,6/15/2021
648,Roana,Leipnik,rleipnikhz@ezinearticles.com,RUB,28652,22,1/26/2022
649,Sigismundo,Cleynman,scleynmani0@networkadvertising.org,BRL,235011,34,7/23/2022
650,Faustine,Itzkovich,fitzkovichi1@rambler.ru,HNL,41210,26,5/25/2021
651,Inge,Robroe,irobroei2@shinystat.com,NPR,166938,33,10/17/2021
652,Maudie,Hulcoop,mhulcoopi3@ted.com,IRR,203507,31,3/12/2020
653,Shirlee,Rennard,srennardi4@ezinearticles.com,BRL,290409,22,6/12/2021
654,Evan,Molan,emolani5@oakley.com,PHP,223892,23,9/24/2021
655,Anstice,Barks,abarksi6@ted.com,EUR,79717,24,10/17/2021
656,Pooh,Thonason,pthonasoni7@oakley.com,IDR,252646,26,9/26/2022
657,Gaylor,Atteridge,gatteridgei8@scientificamerican.com,IDR,236139,34,12/26/2020
658,Marylin,Knapman,mknapmani9@nymag.com,EUR,32547,25,10/15/2021
659,Winifred,Ferriday,wferridayia@privacy.gov.au,IDR,235549,22,11/13/2021
660,Tracie,Esby,tesbyib@jugem.jp,GNF,35128,32,9/4/2021
661,Lovell,Gowanson,lgowansonic@ted.com,SEK,236777,13,8/5/2020
662,Sibyl,Dummigan,sdummiganid@networkadvertising.org,CNY,116102,33,1/8/2022
663,Violetta,Hellier,vhellierie@about.com,CNY,180841,29,3/14/2020
664,Gert,Kellard,gkellardif@soup.io,PEN,297740,32,9/15/2022
665,Sapphire,Sandaver,ssandaverig@theglobeandmail.com,ARS,164715,26,11/11/2022
666,Benedick,Ordelt,bordeltih@google.es,GEL,42267,27,7/25/2020
667,Pru,Sowthcote,psowthcoteii@sina.com.cn,EUR,271465,12,3/4/2020
668,Leonanie,O'Fogerty,lofogertyij@webs.com,PHP,48649,12,11/12/2020
669,Milka,Jedrzaszkiewicz,mjedrzaszkiewiczik@forbes.com,AUD,156393,19,9/26/2021
670,Fanny,MacMechan,fmacmechanil@google.nl,ARS,246913,10,8/6/2022
671,Barby,Kerman,bkermanim@technorati.com,PHP,199188,32,10/4/2022
672,Ginnie,Alyonov,galyonovin@utexas.edu,EUR,172694,11,1/10/2022
673,Shelley,Kynett,skynettio@biglobe.ne.jp,SEK,146187,21,3/1/2021
674,Nita,Smittoune,nsmittouneip@last.fm,ARS,118276,27,5/12/2021
675,Emmett,Tunniclisse,etunniclisseiq@over-blog.com,BRL,93601,24,3/30/2021
676,Fidelia,Habberjam,fhabberjamir@boston.com,CNY,268684,16,7/24/2022
677,Jorrie,Juris,jjurisis@google.es,CNY,225430,31,2/5/2022
678,Duncan,Alexandrou,dalexandrouit@virginia.edu,KRW,131992,35,6/8/2020
679,Evvy,Moye,emoyeiu@parallels.com,EUR,291088,35,4/16/2021
680,Antonietta,Cocher,acocheriv@abc.net.au,THB,136768,15,11/19/2022
681,Shirl,Manon,smanoniw@businesswire.com,SEK,190656,28,9/17/2020
682,Brok,Caudrey,bcaudreyix@google.pl,PHP,145936,24,11/3/2020
683,Chicky,Maidlow,cmaidlowiy@examiner.com,GEL,69171,31,2/15/2021
684,Pamelina,Haslock,phaslockiz@loc.gov,CUP,192517,19,3/30/2020
685,Hester,Heimann,hheimannj0@narod.ru,JPY,68775,15,11/13/2022
686,Fidole,Wornum,fwornumj1@irs.gov,PLN,72253,13,7/19/2022
687,Darn,Leafe,dleafej2@fotki.com,BRL,138120,15,10/4/2022
688,Roze,Brummell,rbrummellj3@time.com,ETB,192020,35,10/23/2021
689,Shelton,Beswick,sbeswickj4@live.com,PHP,216500,24,1/14/2022
690,Loree,Creaven,lcreavenj5@studiopress.com,EUR,119995,12,9/13/2021
691,Ermina,Sherred,esherredj6@hubpages.com,EUR,240942,17,1/16/2022
692,Elmore,Emerine,eemerinej7@yellowpages.com,PEN,149017,12,8/17/2022
693,Paulina,Mendez,pmendezj8@ftc.gov,CNY,173582,23,3/31/2020
694,Jo,Spaven,jspavenj9@tinyurl.com,KMF,192113,12,6/7/2021
695,Pepita,Dey,pdeyja@privacy.gov.au,PLN,193499,32,11/9/2022
696,Wynnie,Rase,wrasejb@fotki.com,SAR,145027,22,12/26/2020
697,Edgardo,Fanthom,efanthomjc@reuters.com,SEK,136533,35,10/10/2022
698,Archibold,Rackley,arackleyjd@myspace.com,BRL,83332,10,6/13/2020
699,Dania,Cadreman,dcadremanje@lulu.com,CNY,128813,30,12/10/2020
700,Julina,Halsall,jhalsalljf@friendfeed.com,XAF,194920,30,1/27/2022
701,Seward,Barradell,sbarradelljg@imdb.com,PHP,236421,31,5/29/2022
702,Noak,Farrand,nfarrandjh@etsy.com,CNY,42256,29,12/12/2021
703,Maurise,Lindback,mlindbackji@odnoklassniki.ru,PEN,108727,30,4/1/2020
704,Bentlee,Wakelin,bwakelinjj@weibo.com,IDR,191678,33,8/3/2020
705,Ewan,Huyton,ehuytonjk@reddit.com,JPY,37621,26,4/13/2022
706,Gay,Burnes,gburnesjl@plala.or.jp,EUR,43693,15,2/13/2021
707,Trude,Cunnington,tcunningtonjm@themeforest.net,EUR,176786,23,7/29/2021
708,Serena,Goomes,sgoomesjn@netvibes.com,IDR,43643,30,11/10/2020
709,Joyous,Jiggen,jjiggenjo@t-online.de,BRL,31012,34,2/28/2022
710,Ethelind,Getten,egettenjp@eepurl.com,IDR,124865,25,4/27/2021
711,Andeee,Emanuelov,aemanuelovjq@java.com,HNL,96666,12,6/2/2022
712,Lenka,Brandom,lbrandomjr@ifeng.com,EUR,259395,11,12/20/2020
713,Dana,Saer,dsaerjs@dion.ne.jp,SEK,87139,18,11/9/2021
714,Elita,Langfitt,elangfittjt@smh.com.au,PHP,260626,11,5/18/2021
715,Godard,Djokovic,gdjokovicju@bizjournals.com,SLL,57160,28,2/5/2020
716,Norbert,Cottham,ncotthamjv@paypal.com,CNY,262498,25,4/18/2022
717,Coriss,Bruhnicke,cbruhnickejw@bbc.co.uk,RUB,98548,33,10/2/2021
718,Berni,Bulmer,bbulmerjx@sphinn.com,USD,30983,25,1/6/2022
719,Lari,Elkington,lelkingtonjy@amazon.co.jp,EUR,219343,11,9/18/2020
720,Mohandas,Costock,mcostockjz@surveymonkey.com,RUB,275003,31,7/17/2021
721,Herbie,Aubury,hauburyk0@ucsd.edu,CNY,201734,24,6/27/2020
722,Rebecka,Goslin,rgoslink1@over-blog.com,IDR,192176,21,2/27/2021
723,Olivero,Spohrmann,ospohrmannk2@bing.com,NOK,34033,21,9/10/2022
724,Ilene,Houlahan,ihoulahank3@craigslist.org,PLN,261151,34,12/31/2021
725,Alleyn,Swindles,aswindlesk4@free.fr,CZK,195617,19,11/16/2020
726,Stewart,Chaffin,schaffink5@163.com,IDR,76863,33,9/5/2020
727,Sophi,Macrow,smacrowk6@nature.com,RUB,284085,30,1/15/2022
728,Marijn,Smiths,msmithsk7@zimbio.com,IDR,92582,35,5/26/2021
729,Sully,Gullifant,sgullifantk8@typepad.com,IDR,95463,34,9/16/2022
730,Artemus,Stevens,astevensk9@si.edu,PHP,275343,30,1/14/2022
731,Paulita,Evert,pevertka@ning.com,CNY,290508,22,2/20/2021
732,Harmonia,Kobsch,hkobschkb@jiathis.com,BRL,119334,17,9/30/2021
733,Dud,Rosberg,drosbergkc@nbcnews.com,PHP,214316,13,3/27/2022
734,Fifine,Augustin,faugustinkd@symantec.com,EUR,222362,14,1/16/2021
735,Ker,McCart,kmccartke@disqus.com,BGN,260503,15,8/11/2021
736,Lothario,Tansly,ltanslykf@storify.com,EUR,152276,18,12/23/2021
737,Ardath,Fry,afrykg@histats.com,TMT,129615,29,4/21/2021
738,Bette-ann,Jerzak,bjerzakkh@phpbb.com,IDR,141819,14,7/9/2020
739,Christiano,Cruise,ccruiseki@google.ru,COP,126426,15,2/9/2021
740,Hurley,Steane,hsteanekj@shop-pro.jp,CNY,113918,15,12/30/2021
741,Thorn,Shillan,tshillankk@bloglovin.com,ARS,277494,32,9/24/2020
742,Violet,Piola,vpiolakl@constantcontact.com,PHP,140569,31,12/23/2020
743,Garwin,Brauns,gbraunskm@comsenz.com,EUR,141582,11,12/5/2020
744,Adriano,Cruikshank,acruikshankkn@washingtonpost.com,CNY,90470,34,9/26/2020
745,Dodi,Woodage,dwoodageko@amazon.co.jp,PHP,131441,22,2/20/2021
746,Kit,Jefferys,kjefferyskp@soup.io,RWF,130441,11,12/26/2020
747,Costa,Ferie,cferiekq@msn.com,IDR,96722,31,4/18/2020
748,Court,Monier,cmonierkr@xrea.com,EUR,195778,34,3/20/2020
749,Patrice,Deackes,pdeackesks@wordpress.com,PHP,93277,28,7/16/2022
750,Lynna,Gusney,lgusneykt@newyorker.com,IDR,215198,31,1/29/2022
751,Moselle,Bracey,mbraceyku@toplist.cz,PLN,114593,15,3/12/2021
752,Goddard,Tunnicliffe,gtunnicliffekv@pbs.org,RUB,255729,19,4/15/2021
753,Anni,Popplestone,apopplestonekw@pcworld.com,EUR,194298,22,2/23/2021
754,Herbert,Banford,hbanfordkx@gravatar.com,EUR,35632,14,3/15/2020
755,Salaidh,Pardon,spardonky@princeton.edu,PLN,195954,31,2/7/2022
756,Berti,Jeyes,bjeyeskz@google.ru,PKR,77176,10,11/5/2022
757,Evelina,Shadfourth,eshadfourthl0@vistaprint.com,CNY,216019,25,1/3/2022
758,Cymbre,Dutnell,cdutnelll1@biglobe.ne.jp,ARS,56623,29,9/10/2020
759,Henrietta,Guild,hguildl2@huffingtonpost.com,SEK,58961,26,8/18/2021
760,Mahala,Viollet,mviolletl3@instagram.com,ARS,205655,31,2/26/2021
761,Kattie,Hendrich,khendrichl4@wiley.com,IDR,143991,20,10/13/2022
762,Bertrando,Leggott,bleggottl5@reddit.com,IDR,143753,16,10/1/2022
763,Quintilla,Danne,qdannel6@cafepress.com,CZK,287388,30,10/29/2020
764,Floria,Jankowski,fjankowskil7@sbwire.com,VEF,272690,19,7/11/2022
765,Hartley,Deener,hdeenerl8@yale.edu,NGN,246072,20,12/25/2020
766,Trisha,Drew,tdrewl9@canalblog.com,ZWL,238259,35,10/28/2022
767,Maurice,Habard,mhabardla@illinois.edu,BRL,26271,21,11/10/2021
768,Shayne,Isaq,sisaqlb@state.gov,EUR,49242,13,1/30/2022
769,Sharleen,Annable,sannablelc@patch.com,NIO,96793,29,5/2/2020
770,Lamond,Sheard,lsheardld@cdbaby.com,CNY,100477,28,10/1/2022
771,Daniele,Lindop,dlindople@nationalgeographic.com,CZK,223403,14,7/12/2021
772,Sanford,Caverhill,scaverhilllf@dagondesign.com,ZMW,48796,27,2/28/2022
773,Gregor,Winterscale,gwinterscalelg@wp.com,ARS,128415,22,6/19/2021
774,Gannie,Ahrendsen,gahrendsenlh@live.com,IDR,158160,20,11/21/2022
775,Coralie,Ayres,cayresli@google.co.jp,CNY,167641,28,5/9/2022
776,Vally,Gyrgorwicx,vgyrgorwicxlj@yellowbook.com,KMF,34477,32,1/26/2021
777,Gussy,Aiskovitch,gaiskovitchlk@google.com.hk,IDR,224445,19,9/29/2022
778,Matti,Cleverley,mcleverleyll@si.edu,IDR,66863,28,8/28/2021
779,Nannette,Bennetts,nbennettslm@lycos.com,SEK,180992,27,3/26/2021
780,Felicia,Anselm,fanselmln@springer.com,EUR,50713,34,12/16/2020
781,Felicia,Poore,fpoorelo@si.edu,CNY,265342,24,7/20/2022
782,Ody,Prendeguest,oprendeguestlp@cafepress.com,CNY,174852,30,1/26/2022
783,Denni,Capinetti,dcapinettilq@ihg.com,USD,41183,14,8/16/2020
784,Sigismondo,Clubbe,sclubbelr@wikia.com,BRL,297388,13,9/30/2021
785,Candy,Trahair,ctrahairls@go.com,AMD,256244,35,3/15/2020
786,Vere,Cluley,vcluleylt@jimdo.com,PLN,172870,18,1/21/2021
787,Iormina,Mandrey,imandreylu@blogs.com,CNY,89571,34,1/26/2022
788,Tersina,Gheorghie,tgheorghielv@globo.com,CNY,239859,11,6/24/2021
789,Tymothy,Conwell,tconwelllw@xrea.com,PHP,68856,27,12/28/2020
790,Sean,Kembery,skemberylx@soup.io,SEK,74015,15,7/30/2020
791,Berkly,Terran,bterranly@stumbleupon.com,CNY,204534,30,6/25/2020
792,Dierdre,Kinavan,dkinavanlz@slideshare.net,CNY,293099,22,2/21/2022
793,Shanon,McGlynn,smcglynnm0@epa.gov,CZK,101037,30,9/22/2020
794,Barbette,Tissington,btissingtonm1@dagondesign.com,IDR,176455,28,4/18/2020
795,Jonas,Magnus,jmagnusm2@yahoo.com,USD,219724,16,1/4/2022
796,Clo,Tomowicz,ctomowiczm3@scientificamerican.com,PLN,149162,29,9/4/2021
797,Pavla,Santer,psanterm4@cornell.edu,PHP,31555,11,5/13/2022
798,Petronella,Skirrow,pskirrowm5@wordpress.org,CNY,121678,10,10/23/2022
799,Sibel,Shortan,sshortanm6@bravesites.com,KZT,258623,15,2/21/2020
800,Keven,Binning,kbinningm7@apple.com,PLN,284707,22,10/23/2020
801,Daria,Yakuntsov,dyakuntsovm8@hubpages.com,YER,110314,19,1/26/2021
802,Wally,Clarabut,wclarabutm9@ucsd.edu,CAD,70496,28,4/20/2021
803,Aidan,Morales,amoralesma@tamu.edu,PLN,214554,20,2/22/2022
804,Maddy,Found,mfoundmb@microsoft.com,PLN,83828,12,3/12/2020
805,Sascha,Flitcroft,sflitcroftmc@geocities.com,CNY,192379,27,2/28/2020
806,Danila,Middup,dmiddupmd@theguardian.com,BGN,87255,35,6/28/2022
807,Georgia,Hamblen,ghamblenme@ibm.com,JPY,153117,28,7/17/2020
808,Filippo,Wythill,fwythillmf@stumbleupon.com,RUB,269101,12,5/31/2020
809,Davina,Balsdon,dbalsdonmg@ucla.edu,RUB,110924,19,8/29/2022
810,Concettina,Odeson,codesonmh@wired.com,ETB,61366,33,3/4/2020
811,Loren,Sympson,lsympsonmi@xrea.com,UZS,73928,18,9/14/2022
812,Genovera,Wallenger,gwallengermj@biglobe.ne.jp,CNY,240866,32,12/9/2021
813,Valentijn,Barensen,vbarensenmk@sbwire.com,RUB,254553,35,6/11/2021
814,Lynna,Holmyard,lholmyardml@pinterest.com,IDR,200394,26,10/20/2021
815,Candide,Antonacci,cantonaccimm@biglobe.ne.jp,GHS,157350,31,8/14/2021
816,Ximenez,Hindenberger,xhindenbergermn@msu.edu,SEK,85820,19,9/19/2022
817,Talbot,Pash,tpashmo@ocn.ne.jp,PHP,97621,13,8/31/2021
818,Fonzie,Mattiassi,fmattiassimp@studiopress.com,CNY,189574,30,6/25/2022
819,Glenden,Christophe,gchristophemq@hugedomains.com,IDR,247652,31,11/4/2021
820,Filippo,Kirkby,fkirkbymr@amazon.co.uk,EUR,28501,30,8/26/2021
821,Cecil,Titcomb,ctitcombms@google.com.hk,CNY,151470,35,12/12/2020
822,Trude,Burnard,tburnardmt@liveinternet.ru,EUR,186150,22,5/24/2020
823,Jen,Minette,jminettemu@nifty.com,CNY,31672,30,3/14/2021
824,Armando,Jandera,ajanderamv@canalblog.com,MXN,47520,13,5/23/2021
825,Bobbi,Banes,bbanesmw@biglobe.ne.jp,EUR,195845,35,4/12/2022
826,Gerianne,Martyntsev,gmartyntsevmx@ted.com,EUR,222406,19,6/16/2021
827,Breanne,Budnik,bbudnikmy@about.com,CNY,202092,18,4/18/2022
828,Norry,Cammomile,ncammomilemz@mapquest.com,ARS,252001,23,10/27/2022
829,Batholomew,Crosskill,bcrosskilln0@bing.com,UAH,269960,14,2/2/2021
830,Hyacinth,Aspall,haspalln1@surveymonkey.com,BRL,160848,26,12/21/2020
831,Drusilla,O'Gavin,dogavinn2@goodreads.com,EUR,105626,18,8/26/2021
832,Fanny,Gaymer,fgaymern3@imdb.com,RUB,271313,13,8/8/2021
833,Howard,Dennington,hdenningtonn4@fc2.com,ILS,108579,20,8/29/2020
834,Roseanne,Bastow,rbastown5@technorati.com,PHP,165845,16,1/23/2022
835,Cherie,Baudasso,cbaudasson6@army.mil,EUR,37584,19,2/20/2020
836,Melvin,Laidlow,mlaidlown7@list-manage.com,CZK,276348,12,4/9/2020
837,Hobard,Vaar,hvaarn8@rediff.com,PLN,64178,21,10/23/2022
838,Zsa zsa,Dewhurst,zdewhurstn9@joomla.org,CNY,131661,13,1/12/2022
839,Gayler,Purselow,gpurselowna@google.it,RUB,229180,23,6/5/2022
840,Kimble,Guerrazzi,kguerrazzinb@geocities.jp,PHP,47163,35,10/18/2021
841,Jillene,Wattam,jwattamnc@geocities.jp,CAD,110274,22,6/8/2022
842,Sarah,Hughill,shughillnd@1und1.de,EUR,110984,20,7/6/2021
843,Carri,Tixall,ctixallne@webnode.com,IDR,273947,15,5/29/2022
844,Juana,Blaszczak,jblaszczaknf@bizjournals.com,CNY,233909,29,5/28/2020
845,Jere,Chattock,jchattockng@samsung.com,PLN,216669,34,9/30/2021
846,Baudoin,Boutflour,bboutflournh@msu.edu,EUR,68945,21,5/3/2021
847,Jordana,Altamirano,jaltamiranoni@senate.gov,CNY,174104,26,8/15/2020
848,Adaline,Heaps,aheapsnj@tinypic.com,RUB,93656,25,11/2/2021
849,Pierrette,Pallatina,ppallatinank@google.ru,CNY,141512,27,7/30/2022
850,Florella,Thomtson,fthomtsonnl@addtoany.com,EUR,187905,18,3/5/2021
851,Lacie,Jacke,ljackenm@zdnet.com,EUR,299316,33,2/5/2022
852,Archie,Cyseley,acyseleynn@spiegel.de,JPY,279329,12,1/2/2022
853,Prudi,Pree,ppreeno@merriam-webster.com,PHP,184855,17,2/10/2021
854,Town,Walczynski,twalczynskinp@weather.com,RUB,162749,31,9/24/2021
855,Bren,Boundy,bboundynq@umich.edu,MAD,225734,27,2/1/2020
856,Sky,Mougin,smouginnr@si.edu,IDR,97722,15,10/10/2020
857,Cheri,Clementucci,cclementuccins@economist.com,CNY,236639,15,7/7/2021
858,Horatius,Featley,hfeatleynt@soundcloud.com,BRL,270297,31,6/27/2020
859,Corbett,Goodyer,cgoodyernu@uiuc.edu,CAD,259165,32,7/1/2020
860,Ruddie,Bretton,rbrettonnv@slashdot.org,PAB,228728,23,6/13/2022
861,Sterne,Yakebowitch,syakebowitchnw@ehow.com,ARS,115605,16,1/22/2022
862,Daryl,Pegrum,dpegrumnx@comcast.net,EUR,125957,32,9/11/2021
863,Dallas,Izakovitz,dizakovitzny@biglobe.ne.jp,BGN,232466,21,4/24/2020
864,Tanny,Earry,tearrynz@paypal.com,CNY,276850,31,5/7/2020
865,Roch,Bachshell,rbachshello0@wsj.com,PHP,207780,24,1/28/2022
866,Dominick,De Lascy,ddelascyo1@ox.ac.uk,CNY,30590,12,5/31/2022
867,Aylmar,Darycott,adarycotto2@facebook.com,CNY,269454,10,2/17/2022
868,Tory,Pfeffer,tpfeffero3@businesswire.com,BOB,230300,12,7/9/2020
869,Nick,Coventry,ncoventryo4@webmd.com,PHP,65014,28,2/20/2021
870,Tiphani,Cockhill,tcockhillo5@wordpress.com,AMD,152898,20,6/3/2021
871,Allix,Boydell,aboydello6@walmart.com,HNL,240050,28,2/14/2022
872,Abra,Bresland,abreslando7@addtoany.com,EUR,297971,26,1/27/2022
873,Warren,Hearley,whearleyo8@hc360.com,RUB,75772,16,4/26/2022
874,Thaddus,Gaylor,tgayloro9@ebay.co.uk,EUR,200480,34,1/1/2021
875,Nelli,Fereday,nferedayoa@w3.org,CZK,83098,34,3/26/2020
876,Eachelle,Bourgaize,ebourgaizeob@a8.net,CUP,144060,35,6/24/2021
877,Nettle,Portchmouth,nportchmouthoc@blogspot.com,CNY,102262,29,4/18/2020
878,Reese,Searsby,rsearsbyod@comsenz.com,CNY,67766,20,4/12/2020
879,Norine,Gue,ngueoe@stanford.edu,IDR,122297,15,11/15/2021
880,Rozina,Childs,rchildsof@usatoday.com,EUR,259509,13,5/14/2022
881,Paco,Parslow,pparslowog@bravesites.com,EUR,151822,28,9/2/2022
882,Madison,Sturman,msturmanoh@usnews.com,MXN,292760,23,9/27/2022
883,Tabby,Gulland,tgullandoi@booking.com,WST,54914,21,11/26/2020
884,Sissie,Josefs,sjosefsoj@pen.io,CNY,170037,10,8/4/2021
885,Glyn,Siss,gsissok@reverbnation.com,JPY,247512,18,9/23/2021
886,Nikki,Votier,nvotierol@themeforest.net,EUR,192841,15,3/29/2022
887,Meg,Dampier,mdampierom@upenn.edu,IDR,63491,15,10/22/2020
888,Rikki,Losano,rlosanoon@who.int,COP,52604,13,8/11/2022
889,Chev,Colgan,ccolganoo@aol.com,CZK,122232,35,10/6/2022
890,Rockie,Critchley,rcritchleyop@wired.com,CNY,115645,14,10/21/2020
891,Emmanuel,Barajaz,ebarajazoq@rediff.com,IDR,219750,30,10/25/2021
892,Vitia,Ghidini,vghidinior@sun.com,EUR,227703,13,3/30/2020
893,Bernie,Arias,bariasos@privacy.gov.au,CNY,161478,25,3/10/2021
894,Kirbie,Sturm,ksturmot@lulu.com,COP,201703,11,5/13/2021
895,Isa,Doodney,idoodneyou@topsy.com,PHP,115079,28,1/14/2022
896,Pippo,Hucklesby,phucklesbyov@meetup.com,CNY,280499,12,1/3/2022
897,Cory,Brigstock,cbrigstockow@walmart.com,EUR,267307,32,5/29/2020
898,Hesther,Janacek,hjanacekox@statcounter.com,IDR,51024,25,4/30/2021
899,Lucy,Varfolomeev,lvarfolomeevoy@sogou.com,PEN,229389,33,8/28/2021
900,Jarred,Mathelon,jmathelonoz@prlog.org,XOF,298180,20,11/2/2021
901,Waverley,Spennock,wspennockp0@blog.com,RUB,37761,16,11/4/2022
902,Anabella,Lamzed,alamzedp1@epa.gov,ETB,60550,23,6/19/2020
903,Edwina,Josselsohn,ejosselsohnp2@dyndns.org,EUR,220151,28,10/18/2022
904,Ferris,Daniels,fdanielsp3@netvibes.com,CNY,183979,21,5/14/2022
905,Lev,Litherborough,llitherboroughp4@princeton.edu,USD,162471,23,9/29/2022
906,Arel,Vasilenko,avasilenkop5@usatoday.com,AFN,199369,11,3/6/2021
907,Camilla,Hurtic,churticp6@constantcontact.com,CNY,85748,28,2/14/2021
908,Terri,Daye,tdayep7@devhub.com,CNY,275166,34,7/11/2020
909,Neil,Franey,nfraneyp8@yellowbook.com,ILS,243634,22,6/21/2022
910,Toddie,Chaffey,tchaffeyp9@yellowbook.com,MXN,88562,31,1/29/2022
911,Derrek,Gabbitus,dgabbituspa@sogou.com,CNY,287690,18,9/24/2022
912,Reidar,Richemont,rrichemontpb@diigo.com,ILS,294375,12,2/11/2021
913,Cleveland,Ternent,cternentpc@slashdot.org,EUR,74282,10,5/28/2021
914,Daveta,Swapp,dswapppd@redcross.org,ARS,90583,21,6/6/2020
915,Kingsly,Fehner,kfehnerpe@ca.gov,CNY,283523,23,3/17/2020
916,Anissa,Harnwell,aharnwellpf@nhs.uk,VND,56783,19,8/14/2020
917,Gretchen,Gately,ggatelypg@networksolutions.com,JMD,202717,17,8/5/2021
918,Guilbert,Zebedee,gzebedeeph@pcworld.com,CNY,248435,34,1/28/2021
919,Kira,Ewin,kewinpi@chron.com,PHP,89095,14,10/31/2022
920,Adriano,Maith,amaithpj@tinyurl.com,NGN,232552,12,1/25/2022
921,Lorelei,Featherstone,lfeatherstonepk@google.com.hk,IRR,220859,12,9/26/2021
922,Gothart,Deabill,gdeabillpl@over-blog.com,PLN,142700,16,7/5/2021
923,Marylynne,Bedlington,mbedlingtonpm@bloomberg.com,IDR,116327,11,5/2/2022
924,Bobinette,Holtham,bholthampn@ox.ac.uk,CNY,225752,17,3/25/2020
925,Mathilde,Vickress,mvickresspo@ustream.tv,KGS,60303,34,8/13/2022
926,Prinz,Gemlbett,pgemlbettpp@illinois.edu,RUB,270574,30,5/8/2020
927,Ollie,Dougan,odouganpq@mysql.com,EUR,163325,10,2/23/2021
928,Boote,McCaster,bmccasterpr@ning.com,CNY,151525,19,4/25/2022
929,Cari,Heintzsch,cheintzschps@harvard.edu,NOK,167227,16,12/30/2021
930,Frayda,Dmitrichenko,fdmitrichenkopt@domainmarket.com,USD,148074,10,10/15/2020
931,Rob,Arlet,rarletpu@mysql.com,MMK,74635,35,9/6/2022
932,Maryjo,Wardhough,mwardhoughpv@loc.gov,CNY,38482,21,12/14/2020
933,Walther,Duiguid,wduiguidpw@salon.com,PHP,247415,31,2/27/2021
934,Hilliard,Baglow,hbaglowpx@jalbum.net,CNY,123318,22,4/29/2022
935,Licha,De Mars,ldemarspy@java.com,CNY,63628,19,3/2/2022
936,Darnell,Asquez,dasquezpz@merriam-webster.com,MGA,193178,17,6/15/2020
937,Julieta,Blowers,jblowersq0@cargocollective.com,PHP,239302,34,4/7/2021
938,Cynthia,Scarth,cscarthq1@fema.gov,CNY,49648,29,6/10/2022
939,Rudy,Coultous,rcoultousq2@accuweather.com,RUB,74518,34,3/4/2021
940,Ailis,Crassweller,acrasswellerq3@trellian.com,CNY,177329,35,3/13/2021
941,Katti,Humes,khumesq4@shop-pro.jp,BRL,134801,29,5/20/2021
942,Orazio,Sandars,osandarsq5@earthlink.net,EUR,293946,23,6/28/2020
943,Ellery,Surmeyer,esurmeyerq6@ning.com,BRL,151199,13,11/7/2022
944,Meggie,Whellans,mwhellansq7@arizona.edu,CNY,48346,14,3/26/2020
945,Katee,Sturley,ksturleyq8@japanpost.jp,PHP,97541,32,4/9/2022
946,Hephzibah,Paull,hpaullq9@wix.com,PHP,141048,31,12/22/2021
947,Horton,Barnsdale,hbarnsdaleqa@csmonitor.com,CNY,284379,21,7/10/2022
948,Zelda,Reekie,zreekieqb@squarespace.com,ARS,117839,34,5/31/2020
949,Kamila,Gives,kgivesqc@vinaora.com,CNY,87747,16,10/26/2021
950,Levey,Clabburn,lclabburnqd@stanford.edu,MKD,202360,22,4/29/2021
951,Janelle,Archbell,jarchbellqe@ox.ac.uk,BRL,76480,32,7/5/2021
952,Emelia,Brownill,ebrownillqf@infoseek.co.jp,EUR,129444,10,10/1/2020
953,Caleb,Mathely,cmathelyqg@typepad.com,UAH,98534,11,1/14/2021
954,Woody,Bassham,wbasshamqh@dion.ne.jp,PLN,105604,25,11/27/2020
955,Saundra,Itzcak,sitzcakqi@google.pl,UYU,169768,30,8/11/2021
956,Zora,Wymer,zwymerqj@mysql.com,CNY,89179,15,1/24/2022
957,Elmo,Alpe,ealpeqk@furl.net,PHP,84468,19,12/12/2020
958,Wendall,Noads,wnoadsql@oracle.com,COP,230848,24,6/2/2022
959,Yasmin,Le Teve,yleteveqm@facebook.com,CNY,173702,26,9/14/2020
960,Shelba,Everley,severleyqn@irs.gov,EUR,167342,18,7/5/2022
961,Issie,Gilhouley,igilhouleyqo@chicagotribune.com,USD,114353,26,3/25/2022
962,Sue,Keough,skeoughqp@drupal.org,RUB,141691,35,3/15/2021
963,Howie,Duffield,hduffieldqq@feedburner.com,CNY,213765,18,12/23/2020
964,Aloin,Heiden,aheidenqr@technorati.com,IDR,103336,31,6/4/2021
965,Maurizio,Shekle,mshekleqs@msn.com,EUR,60487,29,1/9/2022
966,Mommy,Flipsen,mflipsenqt@studiopress.com,ZAR,278212,28,11/22/2021
967,Noe,Sallery,nsalleryqu@typepad.com,PEN,103603,29,5/20/2020
968,Gnni,Rubbens,grubbensqv@clickbank.net,IDR,70553,23,8/9/2022
969,Spencer,Hatch,shatchqw@clickbank.net,RUB,244678,21,11/16/2020
970,Kalvin,Timeby,ktimebyqx@wordpress.com,ILS,228515,20,11/21/2022
971,Laurent,Garnsey,lgarnseyqy@hud.gov,CZK,294651,31,2/14/2020
972,Germaine,Secretan,gsecretanqz@forbes.com,UZS,64971,18,4/18/2020
973,Simonne,Masseo,smasseor0@bandcamp.com,THB,142872,20,10/16/2021
974,Roby,Guiet,rguietr1@4shared.com,EUR,72327,26,5/25/2020
975,Tobiah,Idwal Evans,tidwalevansr2@miibeian.gov.cn,IDR,90095,17,10/20/2022
976,Amory,Couvert,acouvertr3@nhs.uk,UAH,171624,15,11/16/2022
977,Salvatore,McCard,smccardr4@blogtalkradio.com,ZAR,34476,28,1/17/2021
978,Ram,Vanyard,rvanyardr5@illinois.edu,EUR,72019,24,5/22/2020
979,Way,Fildes,wfildesr6@drupal.org,EUR,49943,28,10/3/2022
980,Livvie,Gerard,lgerardr7@twitpic.com,CNY,274977,21,1/18/2022
981,Halley,Atteridge,hatteridger8@seesaa.net,VEF,72016,28,9/21/2020
982,Donnajean,Fidler,dfidlerr9@csmonitor.com,CNY,289746,20,2/12/2021
983,Hillery,Auchinleck,hauchinleckra@bing.com,RUB,257062,18,5/2/2021
984,Isidor,Mustoe,imustoerb@sakura.ne.jp,IDR,266493,21,7/3/2021
985,Lucille,Berends,lberendsrc@cnet.com,IDR,137555,22,2/6/2022
986,Alleyn,Studdard,astuddardrd@mtv.com,TND,224145,18,2/21/2021
987,Dinnie,Erington,deringtonre@chron.com,USD,92268,17,6/15/2021
988,Arlen,Fullun,afullunrf@wikia.com,THB,131066,27,5/14/2020
989,Emlynne,Dearnley,edearnleyrg@51.la,BRL,47462,12,6/3/2020
990,Elton,Windmill,ewindmillrh@mayoclinic.com,BRL,189399,13,12/19/2021
991,Vilma,Grahl,vgrahlri@unblog.fr,CNY,280580,20,7/18/2022
992,Edyth,Dei,edeirj@ustream.tv,EUR,202725,12,4/25/2021
993,Bevin,Vogelein,bvogeleinrk@myspace.com,HRK,185317,18,4/9/2022
994,Aymer,Ritchie,aritchierl@vkontakte.ru,MGA,71969,20,1/31/2022
995,Dallis,Faiers,dfaiersrm@guardian.co.uk,AFN,171634,19,7/11/2020
996,Walther,Probyn,wprobynrn@skype.com,CAD,112059,17,8/13/2021
997,Adriaens,Gherardelli,agherardelliro@typepad.com,RUB,201980,21,4/2/2022
998,Camala,Di Dello,cdidellorp@opera.com,CNY,185638,10,7/4/2022
999,Ryon,McShea,rmcshearq@theatlantic.com,EUR,187368,10,7/30/2021
1000,Shelden,Hurd,shurdrr@mapquest.com,IDR,131796,31,7/5/2021
